Sr_ no_,Interview type,Urban_Peri Urban,SEC,Province,city,Region,District,Belts,GPS,S1,S2,S3,S4,S5,S6,S7,S8,Q1,Q2,Q3,Q4,National Grid,Local mini-grid1,Generator,Solar energy,Rechargeable batteries ,Non-rechargeable batteries ,Other (specify),ES2,ES3,Years,Months,ES5,Amount,ES7,ES8,es9_1,es9_2,es9_3,es9_4,es9_5,es9_6,es9_7,es9_8,es9_9,es9_10,es9_11,es9_12,es9_13,es9_14,es9_15,es9_16,es10_1,es10_2,es10_3,es10_4,es10_5,es10_6,es10_7,es10_8,es10_9,es10_10,es10_11,es10_12,es10_13,es10_14,es10_15,es10_16,Short duration of electricity supply,Low voltage,Unpredictable interruptions,Too expensive,Other (specify),ES12,es13a_1,es13a_2,es13a_3,es13a_4,es13a_5,es13a_6,es13a_7,es13a_8,es13a_9,es13a_10,Other (specify),ES13b,ES13c,ES14,ES15,ES16,es17_1,es17_2,es17_3,es17_4,es17_5,es17_6,es17_7,ES18,es19_1,es19_2,es19_3,es19_04,es19_05,es19_06,es19_07,es19_08,es19_09,es19_10,es19_11,ES20,E1,e2_1_1,e2_1_2,e2_1_3,e2_1_4,e2_1_5,e2_1_6,e2_1_7,e2_1_8,e2_1_9,e2_1_10,e2_1_11,e2_1_12,e2_1_13,e2_1_14,e3_1,e3_2,e3_3,e3_4,e3_5,e3_6,e3_7,e3_8,e3_9,e3_10,e3_11,e3_12,e3_13,e3_14,Other (specify),IC1_1,IC1_2,Inside their dwelling,Outside the home,IC3,IC4,ic5_1,ic5_2,ic5_3,ic5_4,ic5_5,Other (specify)_6,I don’t know_7,IC6_1,IC6_2,IC6_3,IC6_4,IC6_5,IC6_6,SA1,SA2,SA3,SA4,SA5,SA6,HH1,HH2,HH3,HH4_1,HH4_2,HH4_3,HH4_4,HH4_5,HH4_6,HH4_7,HH4_8,HH4_9,HH4_10,HH4_11,HH4_12,HH5_1,HH5_2,HH5_3,HH5_4,HH5_5,HH5_6,HH5_7,HH5_8,HH5_9,HH4_10,HH4_11,HH4_12,Repairing House_Rent,Food,School fees and necessary items,Lightning_Energy_Fuel,Transport,Clothes,Health care,Family support,Social welfare fees
119,PPAF,Rural,SEC C,Sindh,Nagarparkar,Karachi,Karachi District,Lower Sindh,"24.3608775,70.7488633",1,3,1,2,2,1,3,6,1,1,1,1,2,1,2,2,2,2,2,2,7,0,0,,600.00,1,4,1,2,2,2,2,2,2,2,2,2,2,2,2,2,2,2,1,2,2,2,2,2,2,2,2,2,2,2,2,2,2,2,2,2,2,2,1,,2,2,1,2,2,1,2,2,2,2,2,1,1,1,1,5,2,2,2,2,2,1,2,1,2,1,1,2,2,2,2,2,1,2,2,2,1,1,1,2,2,2,2,1,2,2,2,2,2,2,2,2,1,2,2,2,2,2,2,2,2,2,2,2,1,2,0,1,2,1,4,2,2,2,2,2,2,2,1,,,,,,,3,,,,,,2,6000.00,1,1,1,2,2,2,2,2,2,2,2,2,1,2,2,2,2,2,1,1,2,2,2,2,2,0.00,4000.00,200.00,300.00,500.00,400.00,200.00,1000.00,300.00
337,PPAF,Rural,SEC E,Sindh,Badin,Karachi,Karachi District,Lower Sindh,"24.7521458,68.2782842",1,3,2,2,2,1,1,3,1,1,4,4,2,2,2,2,2,2,1,2,7,0,0,,300.00,3,1,2,2,1,2,2,2,2,2,2,2,2,2,2,2,2,2,2,2,1,2,2,2,2,2,2,2,2,2,2,2,2,2,1,1,1,1,2,,1,2,1,2,2,2,2,2,2,2,2,5,4,1,2,4,2,1,1,2,1,2,2,1,1,1,2,2,2,2,1,2,2,2,2,4,2,1,1,2,2,2,2,2,2,2,2,2,2,2,2,2,2,2,2,2,2,2,2,1,1,2,1,2,2,2,0,1,2,1,50,1,2,2,2,2,2,2,1,,,,,,,3,,,,,,2,15000.00,1,2,2,1,1,1,2,2,2,2,2,2,2,2,2,2,2,2,1,1,1,2,2,2,2,0.00,1500.00,1000.00,0.00,1000.00,3000.00,1000.00,300.00,50.00
340,PPAF,Rural,SEC E,Sindh,Badin,Karachi,Karachi District,Lower Sindh,"24.7521458,68.2782842",1,3,1,1,2,2,1,3,1,1,1,1,2,2,2,2,2,2,1,2,7,0,0,,300.00,3,0.1,2,2,2,2,2,1,2,2,2,2,2,2,2,2,2,2,2,2,2,2,2,1,2,2,2,2,2,2,2,2,2,2,2,1,1,1,2,,2,2,1,2,2,1,2,2,2,2,2,4,2,1,3,4,2,1,1,2,1,2,2,1,1,1,1,2,2,2,1,2,2,2,2,3,2,1,1,2,2,2,2,2,2,2,2,2,2,2,2,2,2,2,2,2,2,2,2,1,1,2,2,2,1,2,0,1,2,1,20,1,2,2,2,2,2,2,1,,,,,,,3,,,,,,2,15000.00,1,2,2,1,1,1,2,2,2,2,2,2,2,2,2,2,2,2,1,1,1,1,2,2,2,0.00,5000.00,100.00,0.00,1000.00,3000.00,500.00,60.00,0.00
342,PPAF,Rural,SEC E,Sindh,Badin,Karachi,Karachi District,Lower Sindh,"24.7521458,68.2782842",1,2,1,2,2,2,1,3,1,4,3,3,2,2,2,1,2,2,2,2,7,3,0,,2000.00,3,0.5,2,2,1,2,2,1,2,2,2,2,2,2,2,2,2,2,2,2,1,2,2,1,2,2,2,2,2,2,2,2,2,2,2,1,1,1,2,,1,2,1,1,2,2,2,2,2,2,2,5,3,2,2,4,2,1,1,2,2,2,2,1,1,1,1,2,2,2,2,2,2,2,2,3,1,1,1,2,2,2,2,2,2,2,2,2,2,2,2,2,2,2,2,2,2,1,2,2,1,2,1,2,2,2,0,1,2,1,50,2,2,2,2,2,2,2,1,,,,,,,3,,,,,,2,20000.00,1,2,2,2,1,1,2,2,2,1,1,2,2,2,2,2,2,2,1,1,1,2,2,2,2,0.00,8000.00,500.00,0.00,1000.00,1500.00,620.00,400.00,0.00
352,PPAF,Rural,SEC E,Sindh,Badin,Karachi,Karachi District,Lower Sindh,"24.7521458,68.2782842",1,4,1,3,2,2,1,3,1,1,1,3,2,2,2,2,2,2,1,2,7,5,7,,400.00,3,4,2,2,2,2,2,1,2,2,2,2,2,2,2,2,2,2,2,2,2,2,2,1,2,2,2,2,2,2,2,2,2,2,2,1,1,1,2,,2,2,1,2,2,2,2,2,2,2,2,5,4,3,3,4,2,1,1,2,2,2,2,1,1,1,1,2,2,2,2,2,2,2,2,3,1,1,1,2,2,2,2,2,2,2,2,2,2,2,2,2,2,2,2,2,2,1,2,1,1,2,2,2,2,2,0,1,2,1,50,1,2,2,2,2,2,2,1,,,,,,,3,,,,,,1,12000.00,1,2,2,2,1,1,1,2,2,2,2,2,2,2,1,2,2,2,2,1,2,1,2,1,1,0.00,4000.00,100.00,0.00,4000.00,2300.00,80.00,40.00,100.00
353,PPAF,Rural,SEC E,Sindh,Badin,Karachi,Karachi District,Lower Sindh,"24.7521458,68.2782842",1,1,1,1,2,1,2,3,1,1,3,3,2,2,2,2,2,2,1,2,7,8,7,,500.00,3,5,2,2,2,2,2,1,2,2,2,2,2,2,2,2,2,2,2,2,2,2,2,1,2,2,2,2,2,2,2,2,2,2,2,1,1,1,2,,2,2,1,2,2,2,2,2,2,2,2,5,2,1,1,4,2,1,1,2,1,2,2,1,1,1,1,2,2,2,2,2,2,2,2,3,1,1,1,2,2,2,2,2,2,2,2,2,2,2,2,2,2,2,2,2,2,2,2,1,1,2,1,2,2,2,0,1,2,1,80,1,2,2,2,2,2,2,1,,,,,,,3,,,,,,2,10000.00,1,2,2,1,1,1,1,2,2,2,2,2,2,2,2,2,2,2,2,1,1,2,2,1,1,0.00,2000.00,100.00,0.00,500.00,1000.00,0.00,0.00,0.00
354,PPAF,Rural,SEC E,Sindh,Badin,Karachi,Karachi District,Lower Sindh,"24.7521458,68.2782842",1,1,1,2,2,1,1,3,1,1,4,4,2,2,2,2,2,2,1,1,7,15,5,,800.00,,,2,2,2,2,2,1,2,2,2,2,2,2,2,2,2,2,2,2,2,2,2,1,2,2,2,2,2,2,2,2,2,2,2,1,1,1,2,2,2,2,1,2,2,2,2,2,2,2,2,3,2,3,2,4,2,1,1,2,2,2,2,1,1,1,1,2,2,2,2,2,2,2,2,3,1,1,1,2,2,2,2,2,2,2,2,2,2,2,2,2,2,2,2,2,2,2,2,1,1,2,2,2,2,2,0,1,2,1,80,1,2,2,2,2,2,2,1,,,,,,,3,,,,,,2,8560.00,1,2,2,1,1,1,2,2,2,2,2,2,2,1,1,2,2,2,2,2,2,2,1,1,1,0.00,4000.00,100.00,0.00,500.00,3000.00,0.00,0.00,0.00
355,PPAF,Rural,SEC E,Sindh,Badin,Karachi,Karachi District,Lower Sindh,"24.7521458,68.2782842",1,2,1,2,2,2,1,3,1,3,1,4,2,2,2,2,2,2,1,1,7,8,0,,1000.00,,,2,2,2,2,2,1,2,2,2,2,2,2,2,2,2,2,2,2,2,2,2,1,2,2,2,2,2,2,2,2,2,2,2,1,1,1,2,12,2,2,1,2,2,2,2,2,2,2,2,4,3,2,2,4,2,1,1,2,2,2,2,1,1,1,1,2,2,2,2,2,2,2,2,3,2,1,1,2,2,2,2,2,2,2,2,2,2,2,2,2,2,2,2,2,2,2,2,1,1,2,2,2,2,2,0,1,2,1,50,1,2,2,2,2,2,2,1,,,,,,,3,,,,,,1,15000.00,1,2,2,1,1,1,1,2,2,2,2,2,2,2,2,2,2,2,2,1,1,1,2,2,1,0.00,4000.00,0.00,0.00,1000.00,2000.00,0.00,0.00,0.00
356,PPAF,Rural,SEC E,Sindh,Badin,Karachi,Karachi District,Lower Sindh,"24.7521458,68.2782842",1,1,1,1,2,1,1,3,1,4,4,4,2,2,2,2,2,2,1,1,7,14,0,,600.00,,,2,2,2,2,2,1,2,2,2,2,2,2,2,2,2,2,2,2,2,2,2,1,2,2,2,2,2,2,2,2,2,2,2,1,1,1,2,12,2,2,1,2,2,2,2,2,2,2,2,5,4,2,2,4,2,1,1,1,2,2,2,1,1,1,1,2,2,2,2,2,2,2,2,3,1,1,1,2,2,2,2,2,2,2,2,2,2,2,2,2,2,2,2,2,2,2,2,1,1,2,2,2,2,2,0,1,2,1,50,1,2,2,2,2,2,2,1,,,,,,,3,,,,,,2,10000.00,1,2,2,1,1,1,2,2,2,2,2,2,2,2,2,2,2,2,2,1,1,2,2,1,1,0.00,1000.00,400.00,0.00,400.00,3000.00,0.00,0.00,0.00
357,PPAF,Rural,SEC E,Sindh,Badin,Karachi,Karachi District,Lower Sindh,"24.7521458,68.2782842",1,2,1,1,2,1,1,3,1,1,4,3,2,2,2,2,2,2,1,1,7,14,0,,500.00,,,2,2,2,2,2,1,2,2,2,2,2,2,2,2,2,2,2,2,2,2,2,1,2,2,2,2,2,2,2,2,2,2,2,1,1,1,2,12,2,2,1,2,2,2,2,2,2,2,2,2,2,2,2,4,2,1,1,2,2,2,2,1,1,1,1,2,2,2,1,2,2,2,2,3,1,1,1,2,2,2,2,2,2,2,2,2,2,2,2,2,2,2,2,2,2,2,2,2,1,2,1,2,2,2,0,1,2,1,80,1,2,2,2,2,2,2,1,,,,,,,3,,,,,,2,10000.00,1,2,2,1,1,1,2,2,2,2,2,2,2,2,2,2,2,2,1,1,2,2,1,1,1,0.00,4000.00,400.00,0.00,500.00,2000.00,0.00,0.00,0.00
358,PPAF,Rural,SEC E,Sindh,Badin,Karachi,Karachi District,Lower Sindh,"24.7521458,68.2782842",1,2,1,3,2,1,3,3,1,2,1,3,2,2,2,2,2,2,1,2,7,10,8,,500.00,3,1,2,2,2,2,2,1,2,2,2,2,2,2,2,2,2,2,2,2,2,2,2,1,2,2,2,2,2,2,2,2,2,2,2,1,1,1,2,,2,2,1,2,2,2,2,2,2,2,2,5,3,4,1,4,2,1,1,1,2,2,2,1,1,1,1,2,2,2,1,2,2,2,2,3,1,1,2,2,2,2,2,2,2,2,2,2,2,2,2,2,2,2,2,2,2,2,2,1,1,2,2,1,2,2,0,1,2,1,80,1,2,2,2,2,2,2,1,,,,,,,3,,,,,,1,9000.00,1,2,2,1,1,1,1,2,2,2,2,2,2,2,1,2,2,2,2,1,2,2,1,1,1,0.00,4000.00,200.00,0.00,500.00,1000.00,0.00,0.00,0.00
359,PPAF,Rural,SEC E,Sindh,Badin,Karachi,Karachi District,Lower Sindh,"24.7521458,68.2782842",1,2,1,2,2,1,1,3,1,1,1,2,2,2,2,2,2,2,1,1,7,10,1,,500.00,,,2,2,2,2,2,1,2,2,2,2,2,2,2,2,2,2,2,2,2,2,2,1,2,2,2,2,2,2,2,2,2,2,2,1,1,1,2,2,2,2,1,1,2,2,2,2,2,2,2,5,4,2,2,4,2,1,1,2,1,2,2,1,1,1,1,2,2,2,2,2,2,2,2,2,2,1,1,2,2,2,2,2,2,2,2,2,2,2,2,2,2,2,2,2,2,2,2,1,1,2,2,2,2,2,0,1,2,1,20,1,2,2,2,2,2,2,1,,,,,,,2,2,1,2,1,1,2,10000.00,1,2,2,1,1,1,1,2,2,2,2,2,2,2,2,2,2,2,2,1,1,1,2,2,2,0.00,4000.00,1000.00,0.00,1500.00,3000.00,8000.00,400.00,0.00
360,PPAF,Rural,SEC E,Sindh,Badin,Karachi,Karachi District,Lower Sindh,"24.7521458,68.2782842",1,1,1,1,2,1,2,3,1,1,1,1,2,2,2,2,2,2,1,2,7,15,1,,1000.00,3,5,2,2,2,2,2,1,2,2,2,2,2,2,2,2,2,2,2,2,2,2,2,1,2,2,2,2,2,2,2,2,2,2,2,1,1,1,2,,2,2,1,2,2,2,2,2,2,2,2,4,3,1,2,4,2,1,1,2,1,2,2,1,1,1,1,2,2,2,2,2,2,2,2,3,2,1,1,2,2,2,2,2,2,2,2,2,2,2,2,2,2,2,2,2,2,1,2,1,1,2,2,2,2,2,0,1,2,1,100,1,2,2,2,2,2,2,1,,,,,,,1,2,1,2,1,1,2,15000.00,1,2,2,1,1,1,1,2,2,2,2,2,2,1,2,2,2,2,2,2,1,2,1,1,1,0.00,10000.00,0.00,0.00,500.00,1000.00,100.00,0.00,0.00
361,PPAF,Rural,SEC E,Sindh,Badin,Karachi,Karachi District,Lower Sindh,"24.7521458,68.2782842",1,4,1,2,2,1,1,3,1,1,1,1,2,2,2,2,2,2,1,1,7,15,0,,400.00,,,2,2,2,2,2,1,2,2,2,2,2,2,2,2,2,2,2,2,2,2,1,2,2,2,2,2,2,2,2,2,2,2,2,1,1,1,2,2,2,2,1,2,2,2,2,2,2,2,2,4,2,2,2,4,2,1,1,2,1,2,2,1,1,1,1,2,2,2,2,2,2,2,2,3,1,1,1,2,2,2,2,2,2,2,2,2,2,2,2,2,2,2,2,2,2,2,2,1,1,2,2,2,2,2,0,1,2,1,60,1,2,2,2,2,2,2,1,,,,,,,3,,,,,,1,15000.00,1,2,2,1,1,1,1,2,1,2,2,2,2,1,2,2,2,2,2,1,2,1,2,1,1,0.00,9000.00,0.00,0.00,460.00,3000.00,40.00,0.00,10.00
362,PPAF,Rural,SEC E,Sindh,Badin,Karachi,Karachi District,Lower Sindh,"24.7521458,68.2782842",1,2,1,2,2,1,1,3,1,1,1,1,2,2,2,2,2,2,1,1,7,16,5,,600.00,,,2,2,2,2,2,1,2,2,2,2,2,2,2,2,2,2,2,2,2,2,2,1,2,2,2,2,2,2,2,2,2,2,2,1,1,1,2,2,2,2,1,1,2,2,2,2,2,2,2,4,4,2,2,4,2,1,1,2,1,2,2,1,1,1,1,2,2,2,1,2,2,2,2,3,1,1,1,2,2,2,2,2,2,2,2,2,2,2,2,2,2,2,2,2,2,2,2,1,1,2,2,2,2,2,0,1,2,1,80,1,2,2,2,2,2,2,1,,,,,,,1,2,1,3,1,1,1,23000.00,1,2,2,1,1,1,1,2,1,2,2,2,2,1,2,2,2,2,2,1,2,2,1,1,1,0.00,10000.00,0.00,0.00,1200.00,4000.00,800.00,0.00,0.00
363,PPAF,Rural,SEC E,Sindh,Badin,Karachi,Karachi District,Lower Sindh,"24.7521458,68.2782842",1,2,1,2,2,1,1,3,1,1,1,1,2,2,2,2,2,2,1,1,7,15,8,,560.00,,,2,2,2,2,2,1,2,2,2,2,2,2,2,2,2,2,2,2,2,2,2,1,2,2,2,2,2,2,2,2,2,2,2,1,1,1,2,2,2,2,1,1,2,2,2,2,2,2,2,5,4,3,2,4,2,1,1,2,1,2,2,1,1,1,1,2,2,2,1,2,2,2,2,3,1,1,1,2,2,2,2,2,2,2,2,2,2,2,2,2,2,2,2,2,2,2,2,1,1,2,2,2,2,2,0,1,2,1,40,1,2,2,2,2,2,2,1,,,,,,,3,,,,,,2,15000.00,1,2,1,2,1,1,1,2,2,2,2,2,2,1,2,2,2,2,2,1,1,1,1,2,1,0.00,8000.00,0.00,0.00,1000.00,2000.00,80.00,0.00,0.00
369,PPAF,Rural,SEC E,Sindh,Badin,Karachi,Karachi District,Lower Sindh,"24.7521458,68.2782842",1,1,1,1,2,1,1,3,1,3,1,1,2,2,2,2,2,2,1,2,7,18,2,,100.00,3,5,2,2,2,2,2,1,2,2,2,2,2,2,2,2,2,2,2,2,2,2,1,1,2,2,2,2,2,2,2,2,2,2,2,1,1,1,2,,2,2,1,1,2,2,2,2,2,2,2,4,4,3,2,4,2,1,1,2,1,2,2,1,1,1,1,2,2,2,1,2,2,2,2,3,1,1,1,2,2,2,2,2,2,2,2,2,2,2,2,2,2,2,2,2,2,1,2,1,2,2,2,2,2,2,0,1,2,1,70,1,2,2,2,2,2,2,1,,,,,,,2,2,1,1,1,2,2,12000.00,1,2,2,1,1,1,1,2,2,2,2,2,2,2,1,2,2,2,2,1,1,1,2,2,2,0.00,6000.00,40.00,0.00,4000.00,4000.00,0.00,0.00,0.00
370,PPAF,Rural,SEC E,Sindh,Badin,Karachi,Karachi District,Lower Sindh,"24.7521458,68.2782842",1,1,1,3,2,1,1,3,1,1,1,3,2,2,2,2,2,2,1,2,7,15,2,,400.00,3,5,2,2,2,2,2,1,2,2,2,2,2,2,2,2,2,2,2,2,2,2,2,1,2,2,2,2,2,2,2,2,2,2,2,1,1,1,2,,2,2,1,1,2,2,2,2,2,2,2,5,3,3,3,4,2,1,1,1,2,2,2,1,1,1,1,2,2,2,1,2,2,2,2,3,1,1,1,2,2,2,2,2,2,2,2,2,2,2,2,2,2,2,2,2,2,2,2,1,2,2,2,2,2,2,0,1,2,1,60,1,2,2,2,2,2,2,1,,,,,,,3,,,,,,1,16000.00,2,2,2,2,2,2,2,2,2,2,2,2,2,2,2,2,2,2,2,2,2,2,2,2,2,0.00,10000.00,0.00,0.00,4000.00,5000.00,400.00,0.00,100.00
371,PPAF,Rural,SEC E,Sindh,Badin,Karachi,Karachi District,Lower Sindh,"24.7521458,68.2782842",1,1,1,2,2,1,1,3,1,1,1,1,2,2,2,2,2,2,1,1,7,8,5,,600.00,,,2,2,2,2,2,1,2,2,2,2,2,2,2,2,2,2,2,2,2,2,1,1,2,2,2,2,2,2,2,2,2,2,2,1,1,1,2,2,2,2,1,2,2,2,2,2,2,2,2,4,4,2,3,4,2,1,1,2,1,2,2,1,1,1,1,2,2,2,1,2,2,2,2,3,1,1,1,2,2,2,2,2,2,2,2,2,2,2,2,2,2,2,2,2,2,2,2,1,1,2,2,2,2,2,0,1,2,1,80,1,2,2,2,2,2,2,1,,,,,,,3,,,,,,1,14000.00,1,2,2,1,1,1,2,1,2,2,1,2,2,1,1,2,2,2,1,2,1,1,2,1,1,0.00,8000.00,0.00,0.00,500.00,6000.00,0.00,0.00,0.00
372,PPAF,Rural,SEC E,Sindh,Badin,Karachi,Karachi District,Lower Sindh,"24.7521458,68.2782842",1,2,1,3,2,2,1,3,1,1,1,2,2,2,2,2,2,2,1,1,7,20,8,,800.00,,,2,2,2,2,1,1,2,2,2,2,2,2,2,2,2,2,2,2,2,2,1,1,2,2,2,2,2,2,2,2,2,2,2,1,2,1,2,2,2,2,1,2,2,2,2,2,2,2,2,5,4,3,1,4,2,1,1,2,1,2,2,1,1,1,1,2,2,2,1,2,2,2,2,3,1,1,1,2,2,2,2,2,2,2,2,2,2,2,2,2,2,2,2,2,2,2,2,1,1,2,2,2,2,2,0,1,2,1,80,1,2,2,2,2,2,2,1,,,,,,,1,2,1,1,1,1,2,12000.00,1,2,2,1,1,1,1,1,2,2,2,2,2,1,1,2,2,2,2,2,1,1,2,2,1,0.00,5000.00,0.00,0.00,200.00,3000.00,80.00,80.00,10.00
373,PPAF,Rural,SEC E,Sindh,Badin,Karachi,Karachi District,Lower Sindh,"24.7521458,68.2782842",1,4,1,1,2,1,2,3,1,1,1,2,2,2,2,2,2,2,1,2,7,10,0,,1000.00,3,1.5,2,2,2,2,2,1,2,2,2,2,2,2,2,2,2,2,2,2,2,2,2,1,2,2,2,2,2,2,2,2,2,2,2,1,1,1,2,,2,2,1,2,2,2,2,2,2,2,2,5,4,1,1,4,2,1,1,2,1,2,2,1,1,1,1,2,2,2,1,2,2,2,2,3,1,1,1,2,2,2,2,2,2,2,2,2,2,2,2,2,2,2,2,2,2,2,2,1,1,2,2,2,2,2,0,1,2,1,50,1,2,2,2,2,2,2,1,,,,,,,3,,,,,,1,9000.00,1,2,2,1,1,1,1,1,2,2,2,2,2,1,1,2,2,2,2,2,2,2,1,1,1,0.00,5000.00,0.00,0.00,500.00,3000.00,1200.00,0.00,0.00
374,PPAF,Rural,SEC E,Sindh,Badin,Karachi,Karachi District,Lower Sindh,"24.7521458,68.2782842",1,3,1,2,2,1,2,3,1,1,1,1,2,2,2,2,2,2,1,2,7,15,8,,600.00,3,2,2,2,2,2,2,1,2,2,2,2,2,2,2,2,2,2,2,2,2,2,2,1,2,2,2,2,2,2,2,2,2,2,2,2,1,1,2,,2,2,1,1,2,2,2,2,1,2,2,4,3,2,2,4,2,1,1,2,1,2,2,1,1,1,1,2,2,2,2,2,2,2,2,3,1,1,1,2,2,2,2,2,2,2,2,2,2,2,2,2,2,2,2,2,2,2,2,2,2,2,2,2,2,1,0,1,2,1,60,1,2,2,2,2,2,2,1,,,,,,,1,1,1,2,2,2,1,7000.00,1,1,1,1,1,2,2,2,2,2,2,2,2,2,2,2,2,2,1,1,2,2,2,2,1,15000.00,9000.00,600.00,0.00,300.00,400.00,1500.00,0.00,150.00
375,PPAF,Rural,SEC A,Sindh,Badin,Karachi,Karachi District,Lower Sindh,"24.7521458,68.2782842",1,2,1,1,2,1,4,9,1,1,1,1,2,2,2,2,2,2,1,1,7,15,8,,500.00,,,2,2,2,2,2,1,2,2,2,2,2,2,2,2,2,2,2,2,2,2,2,1,2,2,2,2,2,2,2,2,2,2,2,1,2,1,2,2,2,2,1,2,2,2,2,2,2,2,2,4,2,1,1,4,2,1,1,2,1,2,2,1,1,1,1,2,2,2,2,2,2,2,2,3,1,1,1,2,2,2,2,2,2,2,2,2,2,2,2,2,2,2,2,2,2,2,2,2,2,2,2,2,2,1,0,1,2,1,50,1,2,2,2,2,2,2,1,,,,,,,2,1,1,3,2,2,2,12000.00,1,2,2,1,1,1,2,2,2,2,2,2,2,1,1,2,2,2,2,1,2,1,2,1,2,0.00,8000.00,100.00,0.00,200.00,3000.00,200.00,100.00,0.00
376,PPAF,Rural,SEC E,Sindh,Badin,Karachi,Karachi District,Lower Sindh,"24.7521458,68.2782842",1,4,1,3,2,1,1,3,1,1,1,1,2,2,2,2,2,2,1,1,7,6,1,,300.00,,,2,2,2,2,2,1,2,2,2,2,2,2,2,2,2,2,2,2,2,2,2,1,2,2,2,2,2,2,2,2,2,2,2,1,1,1,2,2,2,2,1,2,2,2,2,2,2,2,2,4,3,3,3,4,2,1,2,2,1,2,2,1,1,1,1,2,2,2,1,2,2,2,2,3,1,1,1,2,2,2,2,2,2,2,2,2,2,2,2,2,2,2,2,2,2,2,2,1,2,2,2,2,2,1,0,1,2,1,60,1,2,2,2,2,2,2,1,,,,,,,2,1,1,2,2,2,1,9000.00,1,1,1,1,1,2,2,2,2,2,2,2,2,2,2,2,2,2,1,1,1,2,2,2,2,0.00,12000.00,100.00,0.00,250.00,500.00,0.00,0.00,0.00
377,PPAF,Rural,SEC E,Sindh,Badin,Karachi,Karachi District,Lower Sindh,"24.7521458,68.2782842",1,4,1,1,2,1,2,3,1,1,1,1,2,2,2,1,2,2,2,2,7,15,2,,150.00,3,3,2,2,2,2,1,2,2,2,2,2,2,2,2,2,2,2,2,2,2,2,1,2,2,2,2,2,2,2,2,2,2,2,2,2,2,1,2,,2,2,1,2,2,2,2,2,2,2,2,5,4,1,2,2,2,2,2,2,2,2,2,1,1,1,2,2,2,2,1,2,2,2,2,2,1,1,1,1,2,2,2,2,2,2,2,2,2,2,2,2,2,2,2,2,2,1,2,2,2,2,2,2,2,2,0,1,2,1,100,1,2,2,1,2,2,2,2,,,2,,,,1,1,1,2,1,1,1,9000.00,1,2,2,2,1,1,1,2,2,2,2,2,2,1,1,1,2,2,2,1,1,1,1,1,1,500.00,6000.00,100.00,0.00,500.00,500.00,1500.00,600.00,500.00
378,PPAF,Rural,SEC E,Sindh,Badin,Karachi,Karachi District,Lower Sindh,"24.7521458,68.2782842",1,2,1,1,2,1,2,3,1,1,1,1,2,2,2,2,2,2,1,1,7,8,1,,300.00,,,2,2,2,2,2,1,2,2,2,2,2,2,2,2,2,2,2,2,2,2,2,1,2,2,2,2,2,2,2,2,2,2,2,2,2,1,2,1,2,2,1,2,2,2,2,2,2,2,2,4,3,1,2,4,2,2,2,2,1,2,2,1,1,1,1,2,2,2,2,2,2,2,2,3,1,1,1,2,2,2,2,2,2,2,2,2,2,2,2,2,2,2,2,2,2,2,2,2,2,2,2,2,2,1,0,1,2,1,30,1,2,2,2,2,2,2,1,,,,,,,2,2,1,3,2,1,2,6000.00,1,2,2,1,1,1,1,2,2,2,2,2,2,2,1,2,2,2,2,1,1,1,2,2,2,0.00,2000.00,50.00,0.00,400.00,1000.00,300.00,50.00,10.00
379,PPAF,Rural,SEC E,Sindh,Badin,Karachi,Karachi District,Lower Sindh,"24.7521458,68.2782842",1,1,1,2,2,1,1,3,1,1,1,1,2,2,2,2,2,2,1,2,7,20,2,,900.00,3,3,2,2,2,2,2,1,2,2,2,2,2,2,2,2,2,2,2,2,2,2,2,1,2,2,2,2,2,2,2,2,2,2,2,2,2,1,2,,2,2,1,2,2,2,2,2,2,2,2,4,3,2,1,2,2,2,2,2,2,2,2,1,1,1,1,2,2,2,2,2,2,2,2,3,1,1,2,1,2,2,2,2,2,2,2,2,2,2,2,2,2,2,2,2,2,2,2,2,2,2,2,2,2,1,0,1,2,1,100,1,2,2,2,2,2,2,1,,,,,,,3,,,,,,2,10000.00,1,1,1,2,2,2,2,2,2,2,1,1,1,2,2,2,2,1,1,1,1,1,2,2,2,0.00,6000.00,100.00,0.00,300.00,2000.00,600.00,100.00,10.00
380,PPAF,Rural,SEC E,Sindh,Badin,Karachi,Karachi District,Lower Sindh,"24.7521458,68.2782842",1,2,1,1,2,1,2,3,1,1,1,1,2,2,2,1,2,2,2,2,7,20,1,,200.00,3,1.5,2,2,2,2,2,1,2,2,2,2,2,2,2,2,2,2,2,2,2,2,2,1,2,2,2,2,2,2,2,2,2,2,2,2,2,1,2,,2,2,1,2,2,2,2,2,2,2,2,5,4,4,2,4,2,2,2,2,1,2,2,1,1,1,2,2,2,2,1,2,2,2,2,2,1,1,1,2,2,2,2,2,2,2,2,2,2,2,2,2,2,2,2,2,2,2,2,2,2,2,2,2,2,1,0,1,2,1,100,1,2,2,2,2,2,2,1,,,,,,,1,1,1,2,1,2,2,10000.00,1,2,2,1,1,1,1,2,2,2,2,2,2,1,1,2,2,2,2,1,1,1,1,1,1,0.00,5000.00,0.00,0.00,600.00,1800.00,2500.00,0.00,0.00
381,PPAF,Rural,SEC E,Sindh,Badin,Karachi,Karachi District,Lower Sindh,"24.7521458,68.2782842",1,4,1,2,2,1,2,3,1,1,1,2,2,2,2,2,2,2,1,1,7,20,0,,500.00,,,2,2,2,2,2,1,2,2,2,2,2,2,2,2,2,2,2,2,2,2,2,1,2,2,2,2,2,2,2,2,2,2,2,2,2,1,2,2,2,2,1,2,2,2,2,2,2,2,2,4,2,3,2,2,2,2,2,2,2,2,2,1,1,1,2,1,2,2,2,2,2,2,2,3,1,1,1,2,2,2,2,2,2,2,2,2,2,2,2,2,2,2,2,2,2,2,2,2,2,2,2,2,2,1,0,1,2,1,60,1,2,2,2,2,2,2,1,,,,,,,1,1,1,2,1,1,1,15000.00,1,2,2,1,1,1,2,2,2,2,2,2,2,2,1,2,2,2,1,1,2,1,1,2,2,0.00,8000.00,0.00,0.00,600.00,3000.00,450.00,0.00,50.00
382,PPAF,Rural,SEC D,Sindh,Badin,Karachi,Karachi District,Lower Sindh,"24.7521458,68.2782842",1,1,1,2,2,1,4,3,1,1,1,1,2,2,2,2,2,2,1,1,7,25,0,,500.00,,,2,2,2,2,2,1,2,2,2,2,2,2,2,2,2,2,2,2,2,2,1,2,2,2,2,2,2,2,2,2,2,2,2,2,2,1,2,1,2,2,1,2,2,2,2,2,2,2,2,4,3,4,2,4,2,2,2,2,1,2,2,1,1,1,1,2,2,2,2,2,2,2,2,2,1,1,1,1,2,2,2,2,2,2,2,2,2,2,2,2,2,2,2,2,2,2,2,2,2,2,2,2,2,1,0,1,2,1,50,1,2,2,2,2,2,2,1,,,,,,,2,1,1,1,1,1,2,10000.00,1,2,2,2,1,1,1,2,2,2,2,2,2,2,2,1,2,2,2,1,2,1,1,1,1,0.00,4000.00,200.00,0.00,600.00,2000.00,100.00,10.00,10.00
383,PPAF,Rural,SEC D,Sindh,Badin,Karachi,Karachi District,Lower Sindh,"24.7521458,68.2782842",1,1,1,2,2,1,4,3,1,1,1,3,2,2,2,2,2,2,1,1,7,10,0,,400.00,,,2,2,2,2,2,1,2,2,2,2,2,2,2,2,2,2,2,2,2,2,2,1,2,2,2,2,2,2,2,2,2,2,2,2,1,1,2,2,2,2,1,2,2,2,2,2,2,2,2,4,3,2,1,4,2,1,2,2,1,2,2,1,1,1,1,2,2,2,2,2,2,2,2,3,1,1,1,2,2,2,2,2,2,2,2,2,2,2,2,2,2,2,2,2,2,2,2,2,2,2,2,2,2,1,0,1,2,1,60,1,2,2,2,2,2,2,1,,,,,,,1,1,1,1,2,1,1,12000.00,1,2,2,1,1,2,1,2,2,2,2,2,2,2,1,2,2,1,2,1,1,1,2,2,2,0.00,5000.00,300.00,0.00,400.00,2000.00,100.00,0.00,20.00
384,PPAF,Rural,SEC E,Sindh,Badin,Karachi,Karachi District,Lower Sindh,"24.7521458,68.2782842",1,1,1,1,2,1,1,3,1,1,1,2,2,2,2,2,2,2,1,1,7,5,1,,200.00,,,2,2,2,2,2,1,2,2,2,2,2,2,2,2,2,2,2,2,2,2,2,1,2,2,2,2,2,2,2,2,2,2,2,2,2,1,2,1,2,2,1,2,2,2,2,2,2,2,2,3,4,4,1,4,2,2,2,2,1,2,2,1,1,1,1,2,2,2,1,2,2,2,2,3,1,1,1,2,2,2,2,2,2,2,2,2,2,2,2,2,2,2,2,2,2,2,2,2,2,2,2,2,2,1,0,1,2,1,60,1,2,2,2,2,2,2,1,,,,,,,2,1,1,1,1,1,2,5000.00,1,2,2,1,1,1,1,2,2,2,2,2,2,1,1,2,2,2,2,1,1,1,2,2,2,0.00,1000.00,100.00,0.00,300.00,1000.00,500.00,0.00,0.00
385,PPAF,Rural,SEC D,Sindh,Badin,Karachi,Karachi District,Lower Sindh,"24.7521458,68.2782842",1,2,1,2,2,1,4,3,1,1,1,1,2,2,2,2,2,2,1,1,7,12,2,,500.00,,,2,2,2,2,2,1,2,2,2,2,2,2,2,2,2,2,2,2,2,2,2,1,2,2,2,2,2,2,2,2,2,2,2,2,2,1,2,1,2,2,1,2,2,2,2,2,2,2,2,4,3,3,2,4,2,2,2,2,1,2,2,1,1,1,1,2,2,2,2,2,2,2,2,3,1,1,1,2,2,2,2,2,2,2,2,2,2,2,2,2,2,2,2,2,2,2,2,1,1,2,2,2,2,2,0,1,2,1,30,1,2,2,2,2,2,2,1,,,,,,,2,1,1,1,1,1,1,15000.00,1,2,2,1,1,1,1,2,2,2,2,2,2,2,1,2,2,2,2,1,1,2,2,2,2,0.00,3000.00,500.00,0.00,500.00,6000.00,300.00,0.00,0.00
386,PPAF,Rural,SEC E,Sindh,Badin,Karachi,Karachi District,Lower Sindh,"24.7521458,68.2782842",1,1,1,2,2,2,2,3,1,1,1,1,2,2,2,2,2,2,1,2,7,20,1,,500.00,3,1,2,2,2,2,2,1,2,2,2,2,2,2,2,2,2,2,2,2,2,2,2,1,2,2,2,2,2,2,2,2,2,2,2,2,2,1,2,,2,2,1,2,2,2,2,2,2,2,2,4,4,3,2,4,2,2,2,2,1,2,2,1,1,1,1,2,2,2,2,2,2,2,2,3,1,1,1,2,2,2,2,2,2,2,2,2,2,2,2,2,2,2,2,2,2,2,2,2,2,2,2,2,2,1,0,1,2,1,60,1,2,2,2,2,2,2,1,,,,,,,2,1,1,1,1,1,2,18000.00,1,2,2,1,1,1,1,2,2,2,2,2,2,2,1,2,2,2,2,1,1,1,1,2,2,0.00,8000.00,200.00,0.00,500.00,6000.00,0.00,0.00,0.00
387,PPAF,Rural,SEC E,Sindh,Badin,Karachi,Karachi District,Lower Sindh,"24.7521458,68.2782842",1,1,1,2,2,1,1,3,1,3,1,1,2,2,2,2,2,2,1,1,7,45,4,,600.00,,,2,2,2,2,2,1,2,2,2,2,2,2,2,2,2,2,2,2,2,2,2,1,2,2,2,2,2,2,2,2,2,2,2,2,2,1,2,1,2,2,1,2,2,2,2,2,2,2,2,4,3,4,2,4,2,2,2,2,1,2,2,1,1,1,1,2,2,2,2,2,2,2,2,2,1,1,1,2,2,2,2,2,2,2,2,2,2,2,2,2,2,2,2,2,2,2,2,1,1,2,2,2,2,2,0,1,2,1,50,1,2,2,2,2,2,2,1,,,,,,,2,1,1,3,2,1,1,10000.00,1,2,2,1,1,1,1,1,2,2,2,2,2,2,1,2,2,2,2,2,1,1,2,1,1,0.00,9000.00,700.00,0.00,800.00,5000.00,700.00,0.00,0.00
388,PPAF,Rural,SEC E,Sindh,Badin,Karachi,Karachi District,Lower Sindh,"24.7521458,68.2782842",1,3,1,2,2,2,1,3,1,3,4,4,2,2,2,2,2,2,1,2,7,15,1,,200.00,1,1,2,2,2,2,2,1,2,2,2,2,2,2,2,2,2,2,2,2,2,2,2,1,2,2,2,2,2,2,2,2,2,2,2,2,2,1,2,,2,2,1,2,2,2,2,2,2,2,2,4,3,3,2,4,2,1,1,2,2,2,2,1,1,1,1,2,2,2,2,2,2,2,2,3,1,1,1,2,2,2,2,2,2,2,2,2,2,2,2,2,2,2,2,2,2,2,2,1,1,2,2,2,2,2,0,1,2,1,30,1,2,2,2,2,2,2,1,,,,,,,2,1,1,2,1,1,1,15000.00,1,1,1,1,1,1,2,2,2,2,2,2,2,2,2,2,2,2,2,2,1,1,1,2,1,0.00,8000.00,500.00,0.00,1000.00,3000.00,200.00,0.00,0.00
399,PPAF,Rural,SEC E,Sindh,Badin,Karachi,Karachi District,Lower Sindh,"24.7521458,68.2782842",1,2,1,2,2,2,2,3,1,1,1,1,2,2,2,2,2,2,1,2,7,12,1,,100.00,2,1.5,2,2,2,2,2,1,2,2,2,2,2,2,2,2,2,2,2,2,2,2,2,1,2,2,2,2,2,2,2,2,2,2,2,2,1,1,2,,2,2,1,1,2,2,2,2,2,2,2,5,3,3,2,1,2,2,2,2,2,2,2,1,1,1,2,2,2,2,1,2,2,2,2,2,1,1,1,2,2,2,2,2,2,2,2,2,2,2,2,2,2,2,2,2,2,1,2,2,2,2,2,2,2,1,0,1,2,1,60,1,2,2,2,2,2,2,1,,,,,,,3,,,,,,1,22000.00,2,2,2,2,2,2,2,2,2,2,2,2,2,2,2,2,2,2,2,2,2,2,2,2,2,0.00,12000.00,500.00,0.00,8000.00,6000.00,1000.00,0.00,0.00
412,PPAF,Rural,SEC E,Sindh,Badin,Karachi,Karachi District,Lower Sindh,"24.7521458,68.2782842",1,4,1,1,2,3,1,1,1,3,3,3,2,2,2,2,2,2,1,2,7,12,2,,200.00,3,1.5,2,2,2,2,1,1,2,2,2,2,2,2,2,2,2,2,2,2,2,2,1,1,2,2,2,2,2,2,2,2,2,2,2,2,2,1,2,,2,2,1,2,2,2,2,2,2,2,2,3,2,2,1,4,2,2,2,2,1,2,2,1,1,1,2,2,2,2,1,2,2,2,2,3,1,1,1,2,2,2,2,2,2,2,2,2,2,2,2,2,2,2,2,2,2,2,2,1,2,2,2,2,2,2,0,1,2,1,100,1,2,2,1,2,2,2,2,,,2,,,,3,,,,,,2,6000.00,1,2,1,1,1,1,1,1,2,2,2,2,2,1,2,2,2,2,2,2,2,1,1,1,2,0.00,8000.00,0.00,0.00,500.00,1000.00,0.00,0.00,0.00
419,PPAF,Rural,SEC E,Sindh,Sanghar,Karachi,Karachi District,Lower Sindh,"26.0433432,68.9121584",1,1,1,1,3,5,2,1,1,2,2,2,2,2,2,2,2,2,1,1,7,0,0,,0.00,,,2,2,2,2,1,2,2,2,2,2,2,2,2,2,2,2,2,2,2,2,1,2,2,2,2,2,2,2,2,2,2,2,2,2,2,2,1,0,1,2,1,1,2,2,2,2,2,2,2,5,1,4,1,5,2,2,2,2,2,1,2,1,2,1,1,2,2,2,1,2,2,2,2,3,1,1,1,2,2,2,2,2,2,2,2,2,2,2,2,2,2,2,2,2,2,2,2,2,2,2,2,2,2,1,0,1,2,1,0,2,2,2,2,2,2,1,2,,,,,,1,3,,,,,,2,6000.00,2,2,2,2,2,2,2,2,2,2,2,2,2,2,2,2,2,2,2,2,2,2,2,2,2,0.00,3500.00,0.00,0.00,1200.00,2500.00,0.00,0.00,0.00
436,PPAF,Rural,SEC E,Sindh,Sanghar,Karachi,Karachi District,Lower Sindh,"26.0433432,68.9121584",1,3,1,1,2,1,4,1,2,2,4,2,2,2,2,2,2,2,1,1,7,0,0,,0.00,,,2,2,2,2,2,1,2,2,2,2,2,2,2,2,2,2,2,2,2,2,2,1,2,2,2,2,2,2,2,2,2,2,2,2,2,2,1,0,1,2,1,1,2,2,2,2,2,2,2,5,4,4,1,5,1,2,2,2,2,2,2,1,2,1,2,2,2,2,1,2,2,2,1,2,1,1,2,2,2,2,2,2,2,2,2,2,2,2,2,2,2,2,2,2,2,2,2,2,2,2,2,2,2,1,0,1,2,1,0,1,2,2,2,2,2,2,1,,,,,,,3,,,,,,2,7000.00,2,2,2,2,2,2,2,2,2,2,2,2,2,2,2,2,2,2,2,2,2,2,2,2,2,0.00,3500.00,0.00,0.00,200.00,0.00,600.00,0.00,0.00
811,PPAF,Rural,SEC E,Sindh,Sanghar,Karachi,Karachi District,Lower Sindh,"26.0433432,68.9121584",1,2,1,3,2,2,2,3,1,1,1,1,2,2,2,2,2,2,1,2,7,0,0,,0.00,1,30,2,2,2,2,2,1,2,2,2,2,2,2,2,2,2,2,1,2,2,2,2,1,2,2,2,2,2,2,2,2,2,2,2,2,2,2,1,,1,2,1,2,2,1,2,2,2,2,2,1,1,1,1,5,2,2,2,2,2,1,2,1,2,1,1,1,2,2,2,2,2,2,2,2,1,1,1,2,2,2,2,1,2,2,2,2,2,2,2,2,1,2,2,2,2,2,2,1,2,2,1,2,1,2,0,1,2,1,10,1,2,2,1,2,2,2,2,,,2,,,,3,,,,,,1,12000.00,1,1,1,2,2,2,2,2,2,2,2,2,1,2,2,2,2,2,1,1,2,2,2,2,2,0.00,6000.00,200.00,1000.00,500.00,800.00,500.00,0.00,500.00
1160,PPAF,Rural,SEC E,Sindh,Badin,Karachi,Karachi District,Lower Sindh,"24.7521458,68.2782842",1,2,1,1,2,2,2,3,1,1,2,1,2,2,2,2,2,2,1,2,7,30,0,,300.00,1,3,2,2,2,2,2,1,2,2,2,2,2,2,2,2,2,2,2,2,2,2,2,1,2,2,2,2,2,2,2,2,2,2,2,2,2,1,2,,2,2,1,2,2,2,2,2,2,2,2,4,4,1,2,4,2,1,2,2,1,2,2,1,1,1,1,2,2,2,2,2,2,2,2,3,14,2,2,2,2,2,2,2,2,2,2,2,2,2,1,2,2,2,2,2,2,2,2,2,2,2,2,2,2,1,0,1,2,1,100,2,2,2,2,2,2,2,1,,,,,,,2,1,1,3,1,1,2,50000.00,1,1,1,1,1,2,2,2,2,2,2,2,2,2,2,2,2,2,1,1,1,1,2,2,1,0.00,5000.00,600.00,0.00,6000.00,8000.00,300.00,0.00,0.00
1161,PPAF,Rural,SEC E,Sindh,Badin,Karachi,Karachi District,Lower Sindh,"24.7521458,68.2782842",1,4,1,1,2,2,1,3,1,1,2,4,2,2,2,2,1,2,2,1,7,15,0,,500.00,,,2,2,2,2,2,1,2,2,2,2,2,2,2,2,2,2,2,2,2,2,2,1,2,2,2,2,2,2,2,2,2,2,2,2,2,1,2,2,2,2,1,2,2,2,2,2,2,2,2,4,1,1,1,4,2,1,2,2,2,2,2,1,1,1,1,2,2,2,2,2,2,2,2,3,1,1,1,2,2,2,2,2,2,2,2,2,2,2,2,2,2,2,2,2,2,2,2,2,2,2,2,2,2,1,0,1,2,1,100,2,2,2,2,2,2,2,1,,,,,,,2,2,2,3,2,2,2,20000.00,1,2,2,1,2,1,1,2,2,1,2,2,1,1,1,2,1,2,2,1,1,2,1,2,2,0.00,8000.00,0.00,0.00,600.00,3000.00,0.00,0.00,0.00
1754,PPAF,Rural,SEC E,Baluchistan,Ziarat,Quetta,Quetta District,Baluchistan,"30.3838324,67.7112292",1,2,1,2,2,2,1,1,1,3,3,4,2,2,2,2,2,2,1,2,7,0,0,,0.00,1,60,2,1,1,2,2,1,2,2,2,2,2,2,2,2,2,2,2,2,1,2,2,1,2,2,2,2,2,2,2,2,2,2,2,1,1,1,2,,1,2,2,2,2,1,2,1,2,2,2,2,1,1,1,5,1,1,2,1,1,2,2,1,1,1,2,1,2,2,2,2,2,2,2,1,2,2,1,2,2,2,2,2,2,2,2,2,2,2,2,2,2,2,2,2,2,2,2,1,1,1,2,2,2,2,0,3,2,1,0,2,2,2,1,2,2,2,2,,,1,,,,2,2,1,3,1,2,2,1000.00,1,2,2,2,1,1,1,1,1,2,2,2,2,1,1,2,2,2,2,2,2,2,2,1,1,0.00,4500.00,500.00,250.00,600.00,500.00,0.00,0.00,0.00
1843,PPAF,Rural,SEC D,Baluchistan,Kharan,Quetta,Quetta District,Baluchistan,"28.313101,64.2885285",1,3,1,3,2,2,5,3,2,2,2,1,2,2,2,2,2,2,1,1,7,0,0,,0.00,,,1,2,2,2,2,2,2,2,2,2,2,2,2,2,2,2,1,2,2,2,2,2,2,2,2,2,2,2,2,2,2,2,2,2,2,2,1,0,2,2,2,2,2,1,2,1,2,2,2,5,4,4,1,5,2,2,2,2,2,1,2,1,2,1,1,2,2,2,2,2,2,2,2,2,1,1,2,2,2,2,2,2,2,2,2,2,2,2,2,2,2,2,2,2,2,2,2,2,1,2,1,2,1,2,0,0,1,2,,,2,2,2,2,2,2,1,,,,,,,2,2,1,3,2,2,2,24000.00,2,2,2,2,2,2,2,2,2,2,2,2,2,2,2,2,2,2,2,2,2,2,2,2,2,3000.00,15000.00,3000.00,0.00,800.00,4500.00,2000.00,1000.00,500.00
1844,PPAF,Rural,SEC E,Baluchistan,Kharan,Quetta,Quetta District,Baluchistan,"28.313101,64.2885285",2,2,1,2,2,1,2,1,2,3,3,2,2,2,2,2,2,2,1,1,7,0,0,,0.00,,,1,2,2,2,2,2,2,2,2,2,2,2,2,2,2,2,2,1,2,2,2,2,2,2,2,2,2,2,2,2,2,2,2,2,2,2,1,0,2,2,2,2,2,1,2,1,2,2,2,5,4,4,1,5,2,2,2,2,2,1,2,1,2,2,1,2,2,2,1,2,2,2,2,2,1,1,2,2,2,2,2,2,2,2,2,2,2,2,2,2,2,2,2,2,2,2,2,2,2,2,1,2,1,2,0,0,1,2,,,2,2,2,2,2,2,1,,,,,,,2,2,1,3,2,2,2,3000.00,2,2,2,2,2,2,2,2,2,2,2,2,2,2,2,2,2,2,2,2,2,2,2,2,2,0.00,3000.00,0.00,0.00,100.00,0.00,0.00,0.00,0.00
1845,PPAF,Rural,SEC E,Baluchistan,Kharan,Quetta,Quetta District,Baluchistan,"28.313101,64.2885285",2,2,1,2,2,1,1,1,2,2,2,3,2,2,2,2,2,2,1,1,7,0,0,,0.00,,,1,2,2,2,2,2,2,2,2,2,2,2,2,2,2,2,1,2,2,2,2,2,2,2,2,2,2,2,2,2,2,2,2,2,2,2,1,0,1,2,2,2,2,1,2,2,2,2,2,5,4,4,1,3,2,2,2,2,2,2,2,1,2,1,1,2,2,2,2,2,2,2,2,2,1,1,2,2,2,2,2,2,2,2,2,2,2,2,2,2,2,2,2,2,2,2,2,2,1,2,2,2,1,2,0,0,1,2,,,2,2,2,2,2,2,1,,,,,,,2,2,1,3,2,2,1,15000.00,2,2,2,2,2,2,2,2,2,2,2,2,2,2,2,2,2,2,2,2,2,2,2,2,2,1200.00,10000.00,200.00,0.00,500.00,500.00,600.00,0.00,0.00
1849,PPAF,Rural,SEC D,Baluchistan,Kharan,Quetta,Quetta District,Baluchistan,"28.313101,64.2885285",1,4,1,3,2,2,4,3,1,2,3,1,1,2,2,2,2,2,2,1,7,0,0,,0.00,,,1,2,2,2,2,2,2,2,2,2,2,2,2,2,2,2,1,2,2,2,2,2,2,2,2,2,2,2,2,2,2,2,2,2,2,1,2,0,2,2,2,2,2,1,2,1,2,2,2,5,4,4,1,3,2,2,2,2,2,2,2,1,2,2,1,2,2,2,1,2,2,2,1,1,1,1,2,2,2,2,2,2,2,2,2,2,2,2,2,2,2,2,2,2,2,2,2,2,1,2,2,2,1,2,0,1,1,2,,,2,2,2,2,2,2,1,,,,,,,2,2,1,3,2,2,1,23000.00,2,2,2,2,2,2,2,2,2,2,2,2,2,2,2,2,2,2,2,2,2,2,2,2,2,2300.00,17000.00,300.00,0.00,2000.00,1500.00,2100.00,200.00,0.00
1851,PPAF,Rural,SEC D,Baluchistan,Kharan,Quetta,Quetta District,Baluchistan,"28.313101,64.2885285",1,3,1,3,2,2,5,3,1,3,2,1,1,2,2,2,2,2,2,1,7,0,0,,0.00,,,1,2,2,2,2,2,2,2,2,2,2,2,2,2,2,2,1,2,2,2,2,2,2,2,2,2,2,2,2,2,2,2,2,2,2,2,1,0,1,2,2,2,2,1,2,1,2,2,2,5,4,4,1,3,2,2,2,2,2,2,2,1,2,2,1,2,2,2,1,2,2,2,2,1,2,1,2,2,2,2,2,2,2,2,2,2,2,2,2,2,2,2,2,2,2,2,2,1,2,2,1,2,1,2,0,1,1,2,,,2,2,2,2,2,2,1,,,,,,,2,2,1,2,2,2,1,28000.00,2,2,2,2,2,2,2,2,2,2,2,2,2,2,2,2,2,2,2,2,2,2,2,2,2,2500.00,20000.00,1000.00,0.00,500.00,1600.00,1200.00,300.00,0.00
2064,PPAF,Rural,SEC E,Baluchistan,Kharan,Quetta,Quetta District,Baluchistan,"28.313101,64.2885285",1,2,1,3,2,2,1,1,1,2,2,2,2,2,2,2,2,2,1,1,7,0,0,,0.00,,,1,2,2,2,2,2,2,2,2,2,2,2,2,2,2,2,1,2,2,2,2,2,2,2,2,2,2,2,2,2,2,2,2,2,2,2,1,0,1,2,2,2,2,2,2,1,2,2,2,5,4,4,1,3,2,2,2,2,2,2,2,1,2,2,1,2,2,2,1,2,2,2,2,2,2,1,2,2,2,2,2,2,2,2,2,2,2,2,2,2,2,2,2,2,2,2,2,2,1,2,2,2,1,2,0,0,1,2,,,2,2,2,2,2,2,1,,,,,,,2,2,1,3,2,2,1,7000.00,1,2,2,1,1,1,1,2,1,2,2,2,2,1,2,2,2,2,2,2,2,2,2,2,1,0.00,5300.00,0.00,0.00,500.00,0.00,1200.00,200.00,0.00
2115,PPAF,Rural,SEC E,Baluchistan,Kharan,Quetta,Quetta District,Baluchistan,"28.313101,64.2885285",1,3,1,4,2,2,1,3,1,4,3,3,2,2,2,1,2,2,2,1,7,0,0,,0.00,,,1,2,2,2,2,2,2,2,2,2,2,2,2,2,2,2,1,2,2,2,2,2,2,2,2,2,2,2,2,2,2,2,2,2,2,2,1,0,1,2,2,2,2,1,2,1,2,2,2,1,2,2,3,4,2,2,2,2,2,1,2,1,1,2,2,2,2,2,2,2,2,2,2,2,1,1,2,2,2,2,2,2,2,2,2,2,2,2,2,2,2,2,1,2,2,2,2,2,2,2,2,2,2,2,0,0,1,2,,,2,2,2,2,2,2,1,,,,,,,2,2,1,1,1,1,1,9000.00,1,2,2,1,1,2,1,1,2,2,2,2,2,2,2,2,2,2,2,2,2,1,1,1,1,600.00,1000.00,0.00,2000.00,1500.00,2000.00,1000.00,500.00,200.00
2225,PPAF,Rural,SEC E,Baluchistan,Kharan,Quetta,Quetta District,Baluchistan,"28.313101,64.2885285",1,1,1,1,2,1,1,3,1,4,3,2,1,2,1,2,1,2,2,2,7,2,2,,800.00,1,3,2,1,2,2,2,2,2,2,2,2,2,2,2,2,2,2,2,1,2,2,2,2,2,2,2,2,2,2,2,2,2,2,1,1,2,1,2,,2,2,2,2,1,1,2,1,2,2,2,3,1,1,2,4,1,2,2,2,2,1,2,1,2,1,2,1,1,2,2,2,2,2,2,1,2,2,1,2,2,2,2,2,2,2,2,2,2,2,2,2,2,2,2,2,2,1,2,1,1,2,2,2,1,2,0,0,2,1,30,2,2,2,2,2,2,2,1,,,,,,,1,1,1,3,1,2,2,9000.00,2,2,2,2,2,2,2,2,2,2,2,2,2,2,2,2,2,2,2,2,2,2,2,2,2,0.00,5000.00,0.00,600.00,600.00,500.00,0.00,300.00,0.00
2396,PPAF,Rural,SEC E,Baluchistan,Kharan,Quetta,Quetta District,Baluchistan,"28.313101,64.2885285",1,2,1,2,2,1,1,1,1,1,1,2,1,2,1,1,2,2,2,2,7,0,0,,0.00,6,3,2,2,2,2,1,2,2,2,2,2,2,2,2,2,2,2,2,2,2,2,1,2,2,2,2,2,2,2,2,2,2,2,2,2,2,2,1,,1,2,1,2,2,1,2,1,2,2,2,5,1,1,1,3,2,2,2,2,2,2,2,1,1,1,1,2,2,2,2,2,2,2,2,2,1,1,2,2,2,2,2,2,2,2,2,2,2,2,2,2,2,2,2,2,2,2,2,1,1,2,1,2,1,2,0,0,2,1,0,2,2,2,2,2,2,2,1,,,,,,,1,1,1,2,2,2,2,16000.00,2,2,2,2,2,2,2,2,2,2,2,2,2,2,2,2,2,2,2,2,2,2,2,2,2,0.00,9000.00,0.00,0.00,1000.00,3000.00,500.00,0.00,0.00
2397,PPAF,Rural,SEC E,Baluchistan,Kharan,Quetta,Quetta District,Baluchistan,"28.313101,64.2885285",2,2,1,2,2,3,1,1,1,1,1,2,2,2,2,2,2,2,1,2,7,0,0,,0.00,6,3,2,2,2,2,1,2,2,2,2,2,2,2,2,2,2,2,2,2,2,2,1,2,2,2,2,2,2,2,2,2,2,2,2,2,2,2,1,,1,2,1,2,2,1,2,1,2,2,2,5,1,1,1,3,2,2,2,2,2,2,2,1,1,1,1,2,2,2,2,2,2,2,2,2,1,1,2,2,2,2,2,2,2,2,2,2,2,2,2,2,2,2,2,2,2,2,2,1,2,2,1,2,1,2,0,0,2,1,0,2,2,2,2,2,2,2,1,,,,,,,1,2,1,2,2,2,1,15000.00,2,2,2,2,2,2,2,2,2,2,2,2,2,2,2,2,2,2,2,2,2,2,2,2,2,0.00,8000.00,0.00,0.00,0.00,1000.00,500.00,0.00,0.00
2400,PPAF,Rural,SEC C,Baluchistan,Kharan,Quetta,Quetta District,Baluchistan,"28.313101,64.2885285",1,2,1,1,2,1,7,3,1,1,1,2,1,1,1,1,1,2,2,2,7,0,0,,0.00,1,3,2,2,2,2,1,2,2,2,2,2,2,2,2,2,2,2,2,2,2,2,1,2,2,2,2,2,2,2,2,2,2,2,2,2,2,2,1,,1,2,1,2,2,1,2,1,2,2,2,5,1,1,2,3,2,2,2,2,2,2,2,1,1,1,2,1,2,2,2,2,2,2,2,2,1,1,2,2,2,2,2,2,2,2,2,2,2,2,2,2,2,2,2,2,2,2,2,1,1,2,1,2,1,2,0,0,2,1,0,2,2,2,2,2,2,2,1,,,,,,,1,1,1,2,2,2,2,12000.00,1,2,2,2,1,1,1,1,1,1,1,2,2,1,1,1,2,2,2,2,2,2,2,1,1,0.00,7000.00,500.00,300.00,500.00,1000.00,500.00,0.00,0.00
2401,PPAF,Rural,SEC E,Baluchistan,Kharan,Quetta,Quetta District,Baluchistan,"28.313101,64.2885285",1,2,1,2,2,1,4,1,1,2,2,3,1,1,1,1,1,2,2,2,7,0,0,,0.00,1,3,2,2,2,2,1,2,2,2,2,2,2,2,2,2,2,2,2,2,2,2,1,2,2,2,2,2,2,2,2,2,2,2,2,2,2,2,1,,1,2,1,2,2,1,2,1,2,2,2,5,1,1,3,3,2,2,2,2,2,2,2,1,1,2,2,1,1,2,2,2,2,2,2,2,1,1,2,2,2,2,2,2,2,2,2,2,2,2,2,2,2,2,2,2,2,2,2,1,1,2,1,2,1,2,0,0,2,1,0,2,2,2,2,2,2,2,1,,,,,,,1,1,1,2,2,2,2,9000.00,2,2,2,2,2,2,2,2,2,2,2,2,2,2,2,2,2,2,2,2,2,2,2,2,2,0.00,5000.00,0.00,300.00,200.00,1000.00,500.00,0.00,0.00
2402,PPAF,Rural,SEC E,Baluchistan,Kharan,Quetta,Quetta District,Baluchistan,"28.313101,64.2885285",1,1,1,1,2,1,1,1,1,1,1,4,1,2,1,1,2,2,2,2,7,0,0,,0.00,1,3,2,2,2,2,1,2,2,2,2,2,2,2,2,2,2,2,2,2,2,2,1,2,2,2,2,2,2,2,2,2,2,2,2,2,2,2,1,,1,2,1,2,2,1,2,1,2,2,2,5,1,1,2,3,2,2,2,2,2,2,2,1,1,1,1,2,2,2,2,2,2,2,2,2,1,1,2,2,2,2,2,2,2,2,2,2,2,2,2,2,2,2,2,2,2,2,2,1,1,2,1,2,1,2,0,0,2,1,0,2,2,2,2,2,2,2,1,,,,,,,1,1,1,2,2,2,2,12000.00,2,2,2,2,2,2,2,2,2,2,2,2,2,2,2,2,2,2,2,2,2,2,2,2,2,0.00,5000.00,0.00,300.00,500.00,1000.00,500.00,0.00,0.00
2477,PPAF,Rural,SEC D,Baluchistan,Kharan,Quetta,Quetta District,Baluchistan,"28.313101,64.2885285",1,2,1,2,2,2,1,6,1,3,3,1,1,2,2,2,2,2,2,1,7,0,0,,0.00,,,1,2,2,2,2,2,2,2,2,2,2,2,2,2,2,2,1,2,2,2,2,2,2,2,2,2,2,2,2,2,2,2,2,2,2,2,1,0,1,2,2,2,2,2,2,2,2,2,2,2,1,2,2,2,2,2,2,2,2,2,2,1,2,1,2,2,2,2,2,2,2,2,2,1,1,1,2,2,2,2,2,2,2,2,2,2,2,2,2,2,2,2,1,2,2,2,2,2,2,2,2,2,2,2,0,0,1,2,,,2,2,2,2,2,2,1,,,,,,,2,2,1,1,1,1,1,9000.00,1,1,1,2,2,1,1,1,2,2,2,2,2,2,2,2,2,2,2,2,1,1,1,1,1,600.00,0.00,0.00,500.00,2000.00,2500.00,3000.00,500.00,0.00
2982,PPAF,Rural,SEC E,Punjab,Noor sar,Multan,Multan District,Southern Punjab,"30.186177,71.3373496",1,2,3,1,2,1,1,3,2,2,2,2,1,2,2,2,2,2,2,1,7,0,0,,0.00,,,1,2,2,2,2,2,2,2,2,2,2,2,2,2,2,2,1,2,2,2,2,2,2,2,2,2,2,2,2,2,2,2,2,2,2,2,1,0,1,2,2,1,2,2,2,2,2,2,2,5,1,1,1,5,2,2,2,2,2,1,2,1,1,1,2,2,2,2,2,2,2,2,2,2,2,2,2,2,2,2,2,2,2,2,2,2,2,2,1,2,2,2,2,2,2,2,2,2,2,2,2,2,2,1,0,1,2,1,0,1,2,2,2,2,2,2,1,,,,,,,2,2,2,3,2,2,2,6500.00,2,2,2,2,2,2,2,2,2,2,2,2,2,2,2,2,2,2,2,2,2,2,2,2,2,0.00,4500.00,309.00,500.00,700.00,0.00,600.00,0.00,0.00
2983,PPAF,Rural,SEC E,Punjab,Noor sar,Multan,Multan District,Southern Punjab,"30.186177,71.3373496",1,4,1,1,1,1,1,1,1,4,2,2,1,2,2,2,2,2,2,1,7,0,0,,0.00,,,1,2,2,2,2,2,2,2,2,2,2,2,2,2,2,2,1,2,2,2,2,2,2,2,2,2,2,2,2,2,2,2,2,2,2,2,1,0,1,2,2,1,2,2,2,2,2,2,2,5,1,1,1,5,2,2,2,2,2,1,2,1,1,1,2,2,2,2,2,2,2,2,2,2,2,2,2,2,2,2,2,2,2,2,2,2,2,2,1,1,2,2,2,2,2,2,2,2,2,2,1,2,2,2,0,1,2,1,0,1,2,2,2,2,2,2,1,,,,,,,2,2,1,3,2,2,2,7000.00,2,2,2,2,2,2,2,2,2,2,2,2,2,2,2,2,2,2,2,2,2,2,2,2,2,0.00,5000.00,300.00,700.00,500.00,0.00,800.00,0.00,0.00
2988,PPAF,Rural,SEC E,Punjab,Noor sar,Multan,Multan District,Southern Punjab,"30.186177,71.3373496",2,4,3,2,2,1,1,3,1,2,2,2,1,2,2,2,2,2,2,1,7,0,0,,0.00,,,1,2,2,2,2,2,2,2,2,2,2,2,2,2,2,2,1,2,2,2,2,2,2,2,2,2,2,2,2,2,2,2,2,2,2,2,1,0,1,2,2,1,2,2,2,2,2,2,2,5,1,1,1,5,2,2,2,2,2,1,2,1,1,1,2,2,2,2,2,2,2,2,2,2,14,2,2,2,2,2,2,2,2,2,2,2,2,2,1,2,2,2,2,2,2,2,2,1,2,2,1,2,2,2,0,1,2,1,0,1,2,2,2,2,2,2,1,,,,,,,2,2,1,3,2,2,2,6500.00,2,2,2,2,2,2,2,2,2,2,2,2,2,2,2,2,2,2,2,2,2,2,2,2,2,0.00,5000.00,400.00,100.00,600.00,0.00,2000.00,0.00,0.00
3263,PPAF,Rural,SEC E,Punjab,Madarsa,Multan,Multan District,Southern Punjab,"30.186177,71.3373496",1,3,3,1,3,2,1,1,2,2,2,2,1,2,2,2,2,2,2,1,7,0,0,,0.00,,,1,2,2,2,2,2,2,2,2,2,2,2,2,2,2,2,1,2,2,2,2,2,2,2,2,2,2,2,2,2,2,2,2,2,2,2,1,0,1,2,2,1,2,2,2,1,2,2,2,5,1,1,1,5,2,2,2,2,2,1,2,1,1,2,1,2,2,2,2,2,2,2,2,1,2,2,1,2,2,2,2,2,2,2,2,2,2,2,2,1,2,2,2,2,2,2,2,2,2,2,2,2,2,2,0,1,2,1,0,1,2,2,2,2,2,2,1,,,,,,,2,2,2,3,2,2,2,7500.00,2,2,2,2,2,2,2,2,2,2,2,2,2,2,2,2,2,2,2,2,2,2,2,2,2,20000.00,5400.00,1100.00,600.00,500.00,0.00,540.00,0.00,0.00
3264,PPAF,Rural,SEC E,Punjab,Madarsa,Multan,Multan District,Southern Punjab,"30.186177,71.3373496",1,3,1,1,2,1,1,1,2,2,4,2,1,2,2,2,2,2,2,1,7,0,0,,0.00,,,1,2,2,2,2,2,2,2,2,2,2,2,2,2,2,2,1,2,2,2,2,2,2,2,2,2,2,2,2,2,2,2,2,2,2,2,1,0,1,2,2,2,2,2,2,1,2,2,2,5,1,1,1,5,2,2,2,2,2,1,2,1,1,2,1,2,2,2,2,2,2,2,2,1,2,2,1,2,2,2,2,2,2,2,2,2,2,2,2,2,2,2,2,2,2,2,2,1,2,2,1,2,2,2,0,1,2,1,0,1,2,2,2,2,2,2,1,,,,,,,2,2,2,3,2,2,2,7000.00,2,2,2,2,2,2,2,2,2,2,2,2,2,2,2,2,2,2,2,2,2,2,2,2,2,0.00,4500.00,1400.00,700.00,13000.00,0.00,500.00,0.00,0.00
5150,PPAF,Rural,SEC E,KPK,Thakot,Peshawar,Peshawar District,KPK,"34.7904211,72.6513047",1,2,3,1,2,2,3,3,2,1,2,2,1,1,1,1,1,2,2,2,7,18,2,,3000.00,4,0,2,2,1,1,2,1,2,2,2,2,2,2,2,2,2,2,2,2,1,2,2,1,2,2,2,2,2,2,2,2,2,2,2,2,2,1,2,,1,2,1,2,2,2,2,1,2,2,2,1,2,2,3,2,2,2,2,2,2,2,2,1,1,1,1,1,2,2,2,2,2,2,2,3,14,2,2,2,2,2,2,2,2,2,2,2,2,2,1,2,2,2,2,2,2,2,2,2,2,1,2,2,2,1,0,1,1,2,,,2,2,2,2,2,1,2,,,,,,2,1,1,1,1,1,2,2,12000.00,2,2,2,2,2,2,2,2,2,2,2,2,2,2,2,2,2,2,2,2,2,2,2,2,2,0.00,10500.00,0.00,3000.00,600.00,1200.00,2500.00,0.00,0.00
